{"cameraMode":{"drawMode":0,"name":"Shaded","section":"Shading Mode"},"sceneLighting":true,"audioPlay":false,"sceneViewState":{"showFog":true,"showMaterialUpdate":false,"showSkybox":true,"showFlares":true,"showImageEffects":true,"showParticleSystems":true},"in2DMode":false,"pivot":{"x":30.924259185791017,"y":1.4443700313568116,"z":-8.22514820098877},"rotation":{"x":0.5092214941978455,"y":0.009033793583512307,"z":-0.0053457156755030159,"w":0.860571563243866},"size":72.02556610107422,"orthographic":false}