{"cameraMode":{"drawMode":0,"name":"Shaded","section":"Shading Mode"},"sceneLighting":true,"audioPlay":false,"sceneViewState":{"showFog":true,"showMaterialUpdate":false,"showSkybox":true,"showFlares":true,"showImageEffects":true,"showParticleSystems":true},"in2DMode":false,"pivot":{"x":71.2970962524414,"y":-21.817916870117189,"z":62.80324172973633},"rotation":{"x":-0.1874636560678482,"y":-0.2791089713573456,"z":0.05565417930483818,"w":-0.9401373863220215},"size":98.01683807373047,"orthographic":false}